story,season,primary_colour,exclusive,garment_pattern,print_pattern_type,number_of_components,number_of_pockets,pocket_type,neck,collar,placket,length,sleeve_length,sleeve_type,hemline,waist_rise,footwear_ankle_type,closure,dress_type,top_style_type,jacket_type,distress,fade,dungaree_bottom_type,footwear_insole,fabric_story,fabric_weave_pattern,wash_care,footwear_upper_material,footwear_sole_material,fabric_composition,denim_cast,colour_intensity,color_family
90'S Grunge,AW23,Acai,Ajio,Convertible,Abstract,1,-1.0,Cargo Pocket,Asymmetric,Baseball Collar,Asymmetric Placket,Above Knee,Full Sleeves,3/4 sleeves,Asymmetric,High-Rise,High-Top,Buckle,A-line,Asymmetric,Biker/Riding Jacket,Clean Look,Clean Look,Ankle Length Skirt,Cotton Mesh,Corduroy,Basket,Dry Clean,Canvas,Addy,100% Acrylic,2/1CL_850_DEEP INDIGO,Dark,Beige
Aged Appeal,AW24,Acero,Amazon,Cut N Sew,Animal,2,0.0,Chisel Pocket,Boat Neck,Bertha Collar,Broad Placket,Ankle,Half Sleeves,Adjustable Straps,Cuffed,Low-Rise,Mid-Top,Button,Asymmetric,Bardot Top,Bolero Jacket,High Distress,Heavy Fade,Knee Length Skirt,EVA,Crochet,Brocade,Hand Wash,Flyknit,Airmax,100% Cotton,2/1CPL_1025_BLACK BY BLACK,Light,Black
Animation,AW25,Adriatic Sea,Flipkart,Draped,Anime,2N / 1 Pair,1.0,Cross Pocket,Cowl Neck,Bib Collar,Concealed Placket,Below Knee,Long Sleeves,Balloon sleeves,Curved,Mid-Rise,Regular,Button / Zip,Balloon/Bubble,Blouson Top,Bomber Jacket,Knee Slit,Light Fade,Pant,Rubber,Crushed Nylon,Cable Knit,Machine Wash,Mesh,EVA,100% Nylon,2/1CPL_1025_DARK IBST,Medium,Blue
Anime,SS23,Air Blue,Myntra,Elasticated,Applique,3,2.0,Flap Pocket,Crew Neck,Buttondown Collar,Cut & Sew Placket,Calf Length,Quarter Sleeves,Batwing sleeves,Drawstring Hem,,,Drawstring,Bandage,Bodysuit,Cape Jacket,Mild Distress,,Shorts,TAXAN 1.5 MM,Denim,Crepe,,Oily Burnish,NP-21508,100% Polyester,2/1CPL_1025_DARK INDIGO,,Brown
Art Museum,SS24,Airforce Blue,Regular,Fringes,Argyle,Pack of 2,3.0,Flap Welt Pocket,Cross Over,Cascade Collar,Half Placket,Cropped,Short Sleeves,Bell sleeves,Elasticated,,,Elasticated,Blouson,Boxy Top,Casual Jacket,Raw Edges/Fringed Hem,,,,Elasticated,Crochet,,PU,PVC,100% Rayon,2/1CPL_1025_DEEP INDIGO,,Cream
Artistic Twist,SS25,Aligers Blue,Store,Gathered,Art Deco,,4.0,Kangaroo Pocket,Gathered,Chelsea collar,Long placket,Knee,Sleeveless,Bishop sleeves,Elasticated Cuff,,,Elasticated/Belt,Bodycon,Boyfriend,Denim Jacket,,,,,Embroided,Cross Hatch,,PU Mesh,TPR,100% Viscose,2/1CPL_1025_ECRU,,Gold
Artsinal Touch,,Almond,Tigc.in,Knotted,Aztec,,5.0,Mock Pocket,Halter Neck,Collarless,Loop Placket,Long,,Butterfly Sleeves,Folded,,,Elasticated/Button/Tie-up,Cinched Waist,Boyfriend Top,Ethnic Jacket,,,,,Fancy Yarn,Diagonal Ottoman,,PU Perforated,,50% Rayon 50% Tencel,2/1CPL_1025_MULTICOUNT DEEP INDIGO,,Green
Astro Fades,,Almond Cream,,Parachute,Badges,,,Patch Pocket,Henley,Convertible Collar,No placket,Longline,,Cap sleeves,Handkerchief,,,Elasticated/Button/Zip,Drop Waist,Bralette Top,Fleece Jacket,,,,,Flatback Interlock,Dobby,,PVC,,97% Polyester 3% Spandex,2/1CPL_1050_DEEP INDIGO BY BLACK,,Grey
Athletic Panelling,,Alphine Green,,Pin Tucks,Baroque,,,Round Pocket,High Neck,Cuban Collar,Regular Placket,Maxi,,Cape sleeves,Lettuce,,,Elasticated/Button/Zip/Drawstring,Empire Waist,Cami Top,Hiking and Trekking Jacket,,,,,Fleece,Double cloth,,Suede,,Cotton Blend,2/1CPL_1050_GREY BY WHITE,,Khaki
Back To Oceans,,Amberglow,,Plain,Bengal Stripes,,,Scoop Pocket,Hooded,Cutaway Collar,Self Fold Placket,Mid Thigh,,Cold-shouldered sleeves,Raw Edge,,,Elasticated/Drawstring,Ethnic Dress,Cape Top,Kimono Jacket,,,,,Jacquard,Fil-a-fil,,Walker,,Cotton Elastane,2/1CPL_925_DARK INDIGO,,Magenta
Black & White,,Amethyst Orchid,,Pleated,Buffalo Checks,,,Side Pocket,Key hole Neck,Detachable Hood,Wide Placket,Midi,,Criss Cross Sleeves,Ribbed,,,Elasticated/Tie-up,Fit and Flare,Cinched Waist Top,Leather Jacket,,,,,Lace,Heathred,,,,Cotton Flex,2/1CP_950_DARK IBST,,Maroon
Bohemian,,Angel Falls,,Plisse,Camouflage,,,Utility Pocket,Off Shoulder ,Frill,Zipper Flap Placket,Mini,,Cuff,Rounded,,,Elasticated/Zipper/Button,Gathered,Crop Top,Nehru Jacket,,,,,Melange,Herringbone,,,,Cotton Linen Flex,2/1CTN_9_ INDIGO,,Mauve
Boudoir Dressing,,Antarctica,,Quilted,Cartoon,,,V Pocket,One Shoulder,High Neck Collar,Zipper Placket,Regular,,Cuff with Rib,Ruffled,,,Eyelet,Gown,Designer Back Top,Padded Jacket,,,,,Nylon,Houndstooth,,,,Cotton Lycocell,2/1RGD_1025_INDIGO,,Melange
Casual,,Anthra Melange,,Reversible,Character,,,Welt Pocket,Plunging Neckline,High Neck with Hood,,Short,,Cuff with adjustable tab,Scallop,,,Hook & Eye/ Zipper,High Low,Empire Waist Top,Parka Jacket,,,,,Printed,Ikkat,,,,Cotton Polyester,2/1RGD_8_DARK INDIGO,,Multicolor
City Dressing,,Anthracite,,Ruched,Checked,,,Without Pocket,Polo Neck,Hood,,,,Cuffed Sleeve,Slit,,,Hook and Eye,Kaftan,High Low Top,Poncho Jacket,,,,,RFD,Jacquard,,,,Cotton Polyester Elastane,2/1RGD_925_BLACK,,Mustard
Clean Look,,Antique Green,,Ruffled,Chessboard,,,Zipper Pocket,Queen Anne,Johnny Collar,,,,Cutout Sleeves,Straight,,,Hook/Zipper,Layered,Kaftan Top,Puffer Jacket,,,,,Seersucker,Knitted,,,,Cotton Viscose Polyester,2/1RGD_950_BLACK BY BLACK,,Navy Blue
Club House,,Antique Moss,,Smocked,Chevron,,,,Round Neck,Lapel Collar,,,,Doctor Sleeve,Toggle elastic,,,Hook/Zipper/Shoulder Suspenders,Maxi,Kimono Top,Quilted Jacket,,,,,Self Design,Loop Knit,,,,Linen,2/1RGD_950_DARK IBST BY WHITE,,Olive
Core Cargo,,Antique White,,Spliced,Colourblocked,,,,Rounded Square,Mandarin Collar,,,,Dolman sleeves,,,,Lace-Ups,Peplum,Layered Top,Sports Jacket,,,,,Single Jersey,Matty,,,,Linen Flex,2/1RGD_950_DARK INDIGO,,Orange
Core Update,,Apricot Cream,,Tiered,Conversational,,,,Ruffled,Notch Collar,,,,Draped sleeves,,,,Press button,Pinafore,Longline Top,Tailored Jacket,,,,,Solid,Mockleno,,,,Linen Lyocell,2/1RGD_950_ECRU,,Pink
Crafted Details,,Apricot Crush,,Twisted,Diagonal Stripes,,,,Scalloped Neck,Peter Pan Collar,,,,Drawstring puff sleeves,,,,Pullover,Pleated,Off Shoulder Top,Varsity Jacket,,,,,Suede,Ottoman,,,,Linen Viscose,2/1RGD_9_INDIGO,,Purple
Crafted Expressive Street,,Apricot Gelato,,,Distorted,,,,Scoop Neck,Polo Collar,,,,Drop Shoulder,,,,Ring Snap,Ribbed,Peasant Top,Winter Coat,,,,,Terry Knit,Oxford,,,,Linen Viscose Flex,3/1CL_10_BLACK BY WHITE,,Red
Crafted Street,,Apricot Orange,,,Distressed,,,,Spaghetti Strap Neck,Resort Collar,,,,Elasticated,,,,Slip-On,Ruffled,Peplum Top,,,,,,Textured,Plain,,,,Poly Modal Blend,3/1CL_950_DARK SB,,Rust
Dark Character,,Aqua,,,Ditsy,,,,Square Neck,Ruffle Collar,,,,Elasticated Cuff,,,,Snap Button,Sheath,Racerback Top,,,,,,Velvet,Pointelle,,,,Polyester Blend,3/1CL_975_DEEP INDIGO,,Silver
Darker Subculture,,Aqua Green,,,Doodle,,,,Surplice Neck,Sailor Collar,,,,Elasticated Tie Up,,,,Tie-Up,Sheer,Raglan Top,,,,,,Velvet Cord,Popcorn,,,,Polyester Cotton,3/1CPL_1025_BLACK BY BLACK,,Tan
Day Out,,Aqua Sea,,,Embellishment,,,,Sweetheart,Shawl Collar,,,,Extended Sleeves,,,,Zip,Shift,Regular Top,,,,,,Yarn Dyed,Rib,,,,Polyester Cotton Elastane,3/1CPL_1025_BLACK BY WHITE,,Teal
Deconstructed,,Aquatic Awe,,,Embroided,,,,Turtle Neck,Small Collar,,,,Fashion Sleeve,,,,Zipper/Button/Belt,Shirt,Ruffled Top,,,,,,,Ripstop,,,,Polyester Elastane,3/1CPL_1025_DARK IBST,,Turquoise
Digi Florals,,Ash Grey,,,Fairisle,,,,U-Neck,Spread Collar,,,,Flared Sleeves,,,,,Skater,Sheer Top,,,,,,,Satin,,,,Polyester Linen,3/1CPL_1025_DARK IBST BY BLACK,,Violet
Distorted Dyes,,Astro Dust,,,Fauna,,,,V-Neck,Standup Collar,,,,Flute Sleeves,,,,,T-Shirt,Shirt Style,,,,,,,Slub,,,,Polyester Viscose,3/1CPL_1025_DARK INDIGO,,White
Effortless Nomad,,Astro Green,,,Floral,,,,Wrap,Tie Neck Collar,,,,Flutter sleeves,,,,,Tiered,Strappy Top,,,,,,,Terry,,,,Polyester Viscose Cotton,3/1CPL_1025_DARK INDIGO BY BLACK,,Yellow
Elevated Basics,,Aventurine,,,Futuristic,,,,,Turtle Neck Collar,,,,Frill sleeves,,,,,Tube,Swing Top,,,,,,,Twill,,,,Polyester Viscose Elastane,3/1CPL_1025_DARK INDIGO/BLACK,,
Elevated Everyday,,Azzure Blue,,,Geometric,,,,,Wingtip Collar,,,,Full Sleeve,,,,,Two Piece Dress,Tank Top,,,,,,,Waffle,,,,Viscose Lyocell,3/1CPL_1025_DEEP INDIGO,,
Elevated Utility,,Baby Blue,,,Gingham Checks,,,,,,,,,Gathered Sleeves,,,,,Wrap,Trapeze Top,,,,,,,,,,,Viscose Polyester,3/1CPL_1025_DEEP INDIGO  BY BLACK,,
Embroidery,,Baby Pink,,,Graffiti,,,,,,,,,Gauntlet sleeves,,,,,,Tube Top,,,,,,,,,,,,3/1CPL_1025_ECRU,,
Everyday Ease,,Baked Clay,,,Graphic,,,,,,,,,Gibson Girl sleeves,,,,,,Tunic,,,,,,,,,,,,3/1CPL_1025_GREY BY BLACK,,
Extreme Utility,,Ballet Slipper,,,Handkerchief Print,,,,,,,,,Half Sleeve,,,,,,Wrap Top,,,,,,,,,,,,3/1CPL_1025_GREY BY WHITE,,
Flexible Tailoring,,Baltic Sea,,,Holographic,,,,,,,,,Hanging sleeves,,,,,,,,,,,,,,,,,,3/1CPL_1025_MULTICOUNT DEEP INDIGO,,
Fluid Career,,Basalt,,,Horizontal Stripes,,,,,,,,,Juliet sleeves,,,,,,,,,,,,,,,,,,3/1CPL_1025_SBIT,,
Forever Vacay,,Basil Green,,,Ikkat,,,,,,,,,Kaftan Sleeve,,,,,,,,,,,,,,,,,,3/1CPL_1025_SBIT BY BLACK,,
Formal,,Baton Rouge,,,Indie,,,,,,,,,Kimono sleeves,,,,,,,,,,,,,,,,,,3/1CPL_1050_DARK IBST,,
Future Utility,,Bay Leaf,,,Kidult,,,,,,,,,Lantern sleeves,,,,,,,,,,,,,,,,,,3/1CPL_1050_DARK INDIGO,,
Futuristic,,Beacon Orange,,,Kitch,,,,,,,,,Layered Sleeves,,,,,,,,,,,,,,,,,,3/1CPL_1050_DARK INDIGO BY BLACK,,
Gothic,,Beetroot Purple,,,Lace,,,,,,,,,Leg-o'-mutton,,,,,,,,,,,,,,,,,,3/1CPL_1050_GREY_BY WHITE,,
Gym Core,,Beige,,,Laser Cut,,,,,,,,,Long Bell sleeves,,,,,,,,,,,,,,,,,,3/1CPL_1050_SBIT,,
Holiday,,Beige Melange,,,Laser Print,,,,,,,,,Magyar Sleeves,,,,,,,,,,,,,,,,,,3/1CPL_1075_DARK INDIGO,,
Hyper Utility,,Biscuit,,,Line Art,,,,,,,,,Mameluke sleeves,,,,,,,,,,,,,,,,,,3/1CPL_1150_DARK INDIGO BY BLACK,,
Hyper-Hypo,,Bitter Yellow,,,Madras Checks,,,,,,,,,Melon sleeve,,,,,,,,,,,,,,,,,,3/1CPL_11_BLACK BY BLACK,,
Indie,,Black,,,Marble,,,,,,,,,No Cuff,,,,,,,,,,,,,,,,,,3/1CPL_11_DARK IBST,,
Indie Geo,,Black Forest,,,Metaverse,,,,,,,,,Noodle strap,,,,,,,,,,,,,,,,,,3/1CPL_11_DARK IBST BY BLACK,,
Kidult,,Black Grindle,,,Micro Ditsy,,,,,,,,,Off-Shoulder Sleeve,,,,,,,,,,,,,,,,,,3/1CPL_11_DEEP INDIGO,,
Korean Street,,Black Ink,,,Mosaic,,,,,,,,,One Shoulder,,,,,,,,,,,,,,,,,,3/1CPL_11_DEEP INDIGO BY WHITE,,
Linear Luxe,,Black Melange,,,Multi Stripes,,,,,,,,,Peasant sleeves,,,,,,,,,,,,,,,,,,3/1CPL_11_ECRU,,
Material Mix,,Black Sand,,,Nautical,,,,,,,,,Petal sleeves,,,,,,,,,,,,,,,,,,3/1CPL_11_GREY BY WHITE,,
Meta Edit,,Blood Red,,,Ombre,,,,,,,,,Pleated Sleeves,,,,,,,,,,,,,,,,,,3/1CPL_725_DARK INDIGO,,
Metastreetwear Utility,,Blue,,,Optic,,,,,,,,,Poet sleeves,,,,,,,,,,,,,,,,,,3/1CPL_725_DARK SB,,
Metaverse,,Blue Aster,,,Paint Splash,,,,,,,,,Puff sleeves,,,,,,,,,,,,,,,,,,3/1CPL_950_BLACK BY BLACK,,
Minimal,,Blue Glass,,,Paisley,,,,,,,,,Raglan sleeves,,,,,,,,,,,,,,,,,,3/1CPL_950_BLACK BY WHITE,,
Mix N Match,,Blue Grindle,,,Photo Print,,,,,,,,,Regular,,,,,,,,,,,,,,,,,,3/1CPL_950_DEEP INDIGO,,
Modern Romantic,,Blue Melange,,,Pin Stripes,,,,,,,,,Ribbed Cuff,,,,,,,,,,,,,,,,,,3/1CPL_950_Dark IBST BY BLACK,,
Modular Cargo,,Blue Radiance,,,Pixelated,,,,,,,,,Roll-up Sleeve,,,,,,,,,,,,,,,,,,3/1CPL_950_ECRU,,
Modular Geometry,,Blue Resin,,,Polka Dot,,,,,,,,,Ruched Sleeves,,,,,,,,,,,,,,,,,,3/1CPL_9_DARK IBST,,
Natural Look,,Blue Wing Teal,,,Postcards,,,,,,,,,Ruffle Sleeve,,,,,,,,,,,,,,,,,,3/1CTNRGD_1050_BLACK BY BLACK,,
Nature Verse,,Blush Pink,,,Printed,,,,,,,,,Shirred Sleeves,,,,,,,,,,,,,,,,,,3/1CTNRGD_1050_BLACK BY WHITE,,
Nerdcore,,Blushing Bride,,,Psychedelic,,,,,,,,,Short Sleeve,,,,,,,,,,,,,,,,,,3/1CTNRGD_1050_DARK IBST BY BLACK,,
New Prep,,Bone White,,,Quirky,,,,,,,,,Shoulder Straps,,,,,,,,,,,,,,,,,,3/1CTNRGD_1050_DEEP INDIGO,,
Ode To Indian Heritage ,,Botanical Garden,,,Racing,,,,,,,,,Shoulder Tie Ups,,,,,,,,,,,,,,,,,,3/1CTNRGD_1050_ECRU,,
Old Money,,Bottle Green,,,Schiffli,,,,,,,,,Slashed sleeves,,,,,,,,,,,,,,,,,,3/1CTNRGD_10_BLACK BY BLACK,,
On The Road,,Brazillian Sand,,,Sketch Art,,,,,,,,,Sleeveless,,,,,,,,,,,,,,,,,,3/1CTNRGD_10_DEEP INDIGO,,
Outing To The Beach,,Brick Red,,,Slogan,,,,,,,,,Slit Sleeve,,,,,,,,,,,,,,,,,,3/1CTNRGD_10_ECRU,,
Painterly Pattern,,Bright Aqua,,,Solid,,,,,,,,,Smocked,,,,,,,,,,,,,,,,,,3/1CTNRGD_1105_BLACK BY BLACK,,
Party Wear,,Bright Blue,,,Statement,,,,,,,,,Spaghetti Straps,,,,,,,,,,,,,,,,,,3/1CTNRGD_1105_DARK IBST,,
Playful Knits,,Bright Green,,,Stencil,,,,,,,,,Square armhole sleeves,,,,,,,,,,,,,,,,,,3/1CTNRGD_1105_DEEP INDIGO,,
Playful Textured,,Bright Lime Green,,,Still Life,,,,,,,,,Strap,,,,,,,,,,,,,,,,,,3/1CTNRGD_1105_DEEP INDIGO BY BLACK,,
Polo Power,,Bright Orange,,,Striped,,,,,,,,,Trumpet Sleeves,,,,,,,,,,,,,,,,,,3/1CTNRGD_1105_ECRU,,
Power Pastels,,Bright Pink,,,Tartan Checks,,,,,,,,,Tulip sleeves,,,,,,,,,,,,,,,,,,3/1CTNRGD_1105_GREY BY WHITE,,
Pretty Feminine,,Bright Red,,,Textured,,,,,,,,,Volume Sleeve,,,,,,,,,,,,,,,,,,3/1RGD_1050_BLACK BY BLACK,,
Racer Revival,,Bright Rose,,,Tie Dye,,,,,,,,,Zipper Open,,,,,,,,,,,,,,,,,,3/1RGD_1050_DARK IBST BY WHITE,,
Redefining Masculinity,,Bright White,,,Tribal,,,,,,,,,,,,,,,,,,,,,,,,,,,3/1RGD_1050_DARK INDIGO,,
Resort,,Bright Yellow,,,Tropical,,,,,,,,,,,,,,,,,,,,,,,,,,,3/1RGD_1050_ECRU,,
Retro,,Brilliant White,,,Typographic,,,,,,,,,,,,,,,,,,,,,,,,,,,3/1RGD_1075_BLACK BY BLACK,,
Retro Quaint,,Brindle,,,Varsity,,,,,,,,,,,,,,,,,,,,,,,,,,,3/1RGD_1075_BLACK BY WHITE,,
Serene Futurism,,Bronze Brown,,,Vertical Stripes,,,,,,,,,,,,,,,,,,,,,,,,,,,3/1RGD_1075_DARK IBST,,
Soft Utility,,Bronze Green,,,Vintage,,,,,,,,,,,,,,,,,,,,,,,,,,,3/1RGD_1075_DARK IBST BY BLACK,,
Sophisticated Gentleman,,Brown,,,Windowpane Checks,,,,,,,,,,,,,,,,,,,,,,,,,,,3/1RGD_1075_DARK INDIGO,,
Sportcore,,Brown Grindle,,,,,,,,,,,,,,,,,,,,,,,,,,,,,,3/1RGD_1075_DARK INDIGO BY BLACK,,
Statement Zipper,,Brown Navy,,,,,,,,,,,,,,,,,,,,,,,,,,,,,,3/1RGD_1075_DEEP INDIGO,,
Street,,Brown Print,,,,,,,,,,,,,,,,,,,,,,,,,,,,,,3/1RGD_1075_DEEP INDIGO BY BLACK,,
Street Dapper,,Bubblegum Pink,,,,,,,,,,,,,,,,,,,,,,,,,,,,,,3/1RGD_1075_ECRU,,
Surrealism,,Burgundy,,,,,,,,,,,,,,,,,,,,,,,,,,,,,,3/1RGD_1075_GREY BY WHITE,,
Technical Utility,,Burgundy Melange,,,,,,,,,,,,,,,,,,,,,,,,,,,,,,3/1RGD_1075_SBIT,,
The Eternity Series,,Burnt Coral,,,,,,,,,,,,,,,,,,,,,,,,,,,,,,30X150_CP_55_BLACK BY WHITE,,
The Indian Story,,Burnt Ochre,,,,,,,,,,,,,,,,,,,,,,,,,,,,,,30X150_CP_55_DARK INDIGO,,
The Street Dapper,,Burnt Orange,,,,,,,,,,,,,,,,,,,,,,,,,,,,,,4/1CL_850_DEEP INDIGO,,
Travel,,Burnt Red,,,,,,,,,,,,,,,,,,,,,,,,,,,,,,4/1CPL_8_DARK INDIGO,,
Upbeat Resort,,Buttercream,,,,,,,,,,,,,,,,,,,,,,,,,,,,,,4/1CPL_925_BLACK BY BLACK,,
Updated Dyed,,Butterscotch,,,,,,,,,,,,,,,,,,,,,,,,,,,,,,4/1CPL_925_BLACK BY WHITE,,
Utility,,Calliste Green,,,,,,,,,,,,,,,,,,,,,,,,,,,,,,4/1CPL_925_DARK IBST BY BLACK,,
Varsity,,Camel,,,,,,,,,,,,,,,,,,,,,,,,,,,,,,4/1CPL_925_DARK INDIGO,,
Vintage,,Candy Pink,,,,,,,,,,,,,,,,,,,,,,,,,,,,,,4/1CPL_925_DEEP INDIGO,,
Warner Bros,,Candy orange,,,,,,,,,,,,,,,,,,,,,,,,,,,,,,4/1CPL_925_ECRU,,
Western Utility,,Cannoli Cream,,,,,,,,,,,,,,,,,,,,,,,,,,,,,,4/1CPL_950_BLACK BY BLACK,,
Winter Overshirt,,Cappuccino,,,,,,,,,,,,,,,,,,,,,,,,,,,,,,4/1CPL_950_BLACK BY WHITE,,
,,Cappuccino Foam,,,,,,,,,,,,,,,,,,,,,,,,,,,,,,4/1CPL_950_DARK IBST BY BLACK,,
,,Carambola,,,,,,,,,,,,,,,,,,,,,,,,,,,,,,4/1CPL_950_DEEP INDIGO,,
,,Caramel,,,,,,,,,,,,,,,,,,,,,,,,,,,,,,4/1CPL_950_ECRU,,
,,Cardinal,,,,,,,,,,,,,,,,,,,,,,,,,,,,,,DOBBY_10_DARK INDIGO,,
,,Cashew,,,,,,,,,,,,,,,,,,,,,,,,,,,,,,DOBBY_10_DARK INDIGO BY BLACK,,
,,Cashmere Rose,,,,,,,,,,,,,,,,,,,,,,,,,,,,,,TIGC_1693/06_11CL_DEEP INDIGO,,
,,Castor Grey,,,,,,,,,,,,,,,,,,,,,,,,,,,,,,TIGC_60231AC_1075CL_ECRU,,
,,Cedar Brown,,,,,,,,,,,,,,,,,,,,,,,,,,,,,,TIGC_MASCO_12CL_BLACK BY WHITE,,
,,Celadon,,,,,,,,,,,,,,,,,,,,,,,,,,,,,,TIGC_MASCO_12CL_IBST,,
,,Celeste,,,,,,,,,,,,,,,,,,,,,,,,,,,,,,TIGC_MASCO_12CL_INDIGO,,
,,Cerulean Blue,,,,,,,,,,,,,,,,,,,,,,,,,,,,,,TIGC_MLS5227_1150 _DARK IBST,,
,,Chalk,,,,,,,,,,,,,,,,,,,,,,,,,,,,,,,,
,,Chalk Blue,,,,,,,,,,,,,,,,,,,,,,,,,,,,,,,,
,,Chalk Pink,,,,,,,,,,,,,,,,,,,,,,,,,,,,,,,,
,,Chambray Black,,,,,,,,,,,,,,,,,,,,,,,,,,,,,,,,
,,Chambray Blue,,,,,,,,,,,,,,,,,,,,,,,,,,,,,,,,
,,Chambray Grey,,,,,,,,,,,,,,,,,,,,,,,,,,,,,,,,
,,Chambray Indigo,,,,,,,,,,,,,,,,,,,,,,,,,,,,,,,,
,,Charcoal,,,,,,,,,,,,,,,,,,,,,,,,,,,,,,,,
,,Charcoal Black,,,,,,,,,,,,,,,,,,,,,,,,,,,,,,,,
,,Charcoal Green,,,,,,,,,,,,,,,,,,,,,,,,,,,,,,,,
,,Charcoal Grey,,,,,,,,,,,,,,,,,,,,,,,,,,,,,,,,
,,Charcoal Melange,,,,,,,,,,,,,,,,,,,,,,,,,,,,,,,,
,,Charlock,,,,,,,,,,,,,,,,,,,,,,,,,,,,,,,,
,,Cherry Red,,,,,,,,,,,,,,,,,,,,,,,,,,,,,,,,
,,Chintz Rose,,,,,,,,,,,,,,,,,,,,,,,,,,,,,,,,
,,Choco,,,,,,,,,,,,,,,,,,,,,,,,,,,,,,,,
,,Choco Melange,,,,,,,,,,,,,,,,,,,,,,,,,,,,,,,,
,,Chocolate,,,,,,,,,,,,,,,,,,,,,,,,,,,,,,,,
,,Chocolate Torte,,,,,,,,,,,,,,,,,,,,,,,,,,,,,,,,
,,Cinnamon,,,,,,,,,,,,,,,,,,,,,,,,,,,,,,,,
,,Cinnamon Swirl,,,,,,,,,,,,,,,,,,,,,,,,,,,,,,,,
,,Circular Grey,,,,,,,,,,,,,,,,,,,,,,,,,,,,,,,,
,,Citrus Canopy,,,,,,,,,,,,,,,,,,,,,,,,,,,,,,,,
,,Classic Blue,,,,,,,,,,,,,,,,,,,,,,,,,,,,,,,,
,,Clear Sky,,,,,,,,,,,,,,,,,,,,,,,,,,,,,,,,
,,Cloud Grey,,,,,,,,,,,,,,,,,,,,,,,,,,,,,,,,
,,Cobalt Blue,,,,,,,,,,,,,,,,,,,,,,,,,,,,,,,,
,,Cocoa,,,,,,,,,,,,,,,,,,,,,,,,,,,,,,,,
,,Coconut Milk,,,,,,,,,,,,,,,,,,,,,,,,,,,,,,,,
,,Coffee,,,,,,,,,,,,,,,,,,,,,,,,,,,,,,,,
,,Coffee Brown,,,,,,,,,,,,,,,,,,,,,,,,,,,,,,,,
,,Coffee Liqueur,,,,,,,,,,,,,,,,,,,,,,,,,,,,,,,,
,,Confetti,,,,,,,,,,,,,,,,,,,,,,,,,,,,,,,,
,,Cool Mint,,,,,,,,,,,,,,,,,,,,,,,,,,,,,,,,
,,Copper,,,,,,,,,,,,,,,,,,,,,,,,,,,,,,,,
,,Copper Brown,,,,,,,,,,,,,,,,,,,,,,,,,,,,,,,,
,,Coral,,,,,,,,,,,,,,,,,,,,,,,,,,,,,,,,
,,Coral Cloud,,,,,,,,,,,,,,,,,,,,,,,,,,,,,,,,
,,Coral Red,,,,,,,,,,,,,,,,,,,,,,,,,,,,,,,,
,,Cordovan,,,,,,,,,,,,,,,,,,,,,,,,,,,,,,,,
,,Cornflower,,,,,,,,,,,,,,,,,,,,,,,,,,,,,,,,
,,Cotton Candy,,,,,,,,,,,,,,,,,,,,,,,,,,,,,,,,
,,Cranberry Juice,,,,,,,,,,,,,,,,,,,,,,,,,,,,,,,,
,,Cranberry Milkshake,,,,,,,,,,,,,,,,,,,,,,,,,,,,,,,,
,,Cranberry Red,,,,,,,,,,,,,,,,,,,,,,,,,,,,,,,,
,,Cream,,,,,,,,,,,,,,,,,,,,,,,,,,,,,,,,
,,Cream Blush,,,,,,,,,,,,,,,,,,,,,,,,,,,,,,,,
,,Cream Diagonal,,,,,,,,,,,,,,,,,,,,,,,,,,,,,,,,
,,Cream Tan,,,,,,,,,,,,,,,,,,,,,,,,,,,,,,,,
,,Cream White,,,,,,,,,,,,,,,,,,,,,,,,,,,,,,,,
,,Cream Yellow,,,,,,,,,,,,,,,,,,,,,,,,,,,,,,,,
,,Crimson Red,,,,,,,,,,,,,,,,,,,,,,,,,,,,,,,,
,,Custard,,,,,,,,,,,,,,,,,,,,,,,,,,,,,,,,
,,Cyber Lime,,,,,,,,,,,,,,,,,,,,,,,,,,,,,,,,
,,Cypress,,,,,,,,,,,,,,,,,,,,,,,,,,,,,,,,
,,Daphne,,,,,,,,,,,,,,,,,,,,,,,,,,,,,,,,
,,Dark Beige,,,,,,,,,,,,,,,,,,,,,,,,,,,,,,,,
,,Dark Beige Melange,,,,,,,,,,,,,,,,,,,,,,,,,,,,,,,,
,,Dark Blue,,,,,,,,,,,,,,,,,,,,,,,,,,,,,,,,
,,Dark Brown,,,,,,,,,,,,,,,,,,,,,,,,,,,,,,,,
,,Dark Coffee,,,,,,,,,,,,,,,,,,,,,,,,,,,,,,,,
,,Dark Cream,,,,,,,,,,,,,,,,,,,,,,,,,,,,,,,,
,,Dark Denim,,,,,,,,,,,,,,,,,,,,,,,,,,,,,,,,
,,Dark Green,,,,,,,,,,,,,,,,,,,,,,,,,,,,,,,,
,,Dark Green Melange,,,,,,,,,,,,,,,,,,,,,,,,,,,,,,,,
,,Dark Grey,,,,,,,,,,,,,,,,,,,,,,,,,,,,,,,,
,,Dark Khaki,,,,,,,,,,,,,,,,,,,,,,,,,,,,,,,,
,,Dark Maroon,,,,,,,,,,,,,,,,,,,,,,,,,,,,,,,,
,,Dark Mauve,,,,,,,,,,,,,,,,,,,,,,,,,,,,,,,,
,,Dark Moss,,,,,,,,,,,,,,,,,,,,,,,,,,,,,,,,
,,Dark Mustard,,,,,,,,,,,,,,,,,,,,,,,,,,,,,,,,
,,Dark Navy,,,,,,,,,,,,,,,,,,,,,,,,,,,,,,,,
,,Dark Olive,,,,,,,,,,,,,,,,,,,,,,,,,,,,,,,,
,,Dark Orange,,,,,,,,,,,,,,,,,,,,,,,,,,,,,,,,
,,Dark Pink,,,,,,,,,,,,,,,,,,,,,,,,,,,,,,,,
,,Dark Purple,,,,,,,,,,,,,,,,,,,,,,,,,,,,,,,,
,,Dark Red,,,,,,,,,,,,,,,,,,,,,,,,,,,,,,,,
,,Dark Sea,,,,,,,,,,,,,,,,,,,,,,,,,,,,,,,,
,,Dark Tan,,,,,,,,,,,,,,,,,,,,,,,,,,,,,,,,
,,Dark Teal,,,,,,,,,,,,,,,,,,,,,,,,,,,,,,,,
,,Dark Violet,,,,,,,,,,,,,,,,,,,,,,,,,,,,,,,,
,,Dark Yellow,,,,,,,,,,,,,,,,,,,,,,,,,,,,,,,,
,,Dark oak,,,,,,,,,,,,,,,,,,,,,,,,,,,,,,,,
,,Darkest Spruce,,,,,,,,,,,,,,,,,,,,,,,,,,,,,,,,
,,Day Lily,,,,,,,,,,,,,,,,,,,,,,,,,,,,,,,,
,,December Sky,,,,,,,,,,,,,,,,,,,,,,,,,,,,,,,,
,,Deep Blue,,,,,,,,,,,,,,,,,,,,,,,,,,,,,,,,
,,Deep Emerald,,,,,,,,,,,,,,,,,,,,,,,,,,,,,,,,
,,Deep Green,,,,,,,,,,,,,,,,,,,,,,,,,,,,,,,,
,,Deep Jungle,,,,,,,,,,,,,,,,,,,,,,,,,,,,,,,,
,,Deep Lake,,,,,,,,,,,,,,,,,,,,,,,,,,,,,,,,
,,Deep Lichen Green,,,,,,,,,,,,,,,,,,,,,,,,,,,,,,,,
,,Deep Sea,,,,,,,,,,,,,,,,,,,,,,,,,,,,,,,,
,,Deep Teal,,,,,,,,,,,,,,,,,,,,,,,,,,,,,,,,
,,Deep Water,,,,,,,,,,,,,,,,,,,,,,,,,,,,,,,,
,,Delicate Blue,,,,,,,,,,,,,,,,,,,,,,,,,,,,,,,,
,,Delicate Pink,,,,,,,,,,,,,,,,,,,,,,,,,,,,,,,,
,,Denim Blue,,,,,,,,,,,,,,,,,,,,,,,,,,,,,,,,
,,Desert,,,,,,,,,,,,,,,,,,,,,,,,,,,,,,,,
,,Desert Peach,,,,,,,,,,,,,,,,,,,,,,,,,,,,,,,,
,,Desert Sun,,,,,,,,,,,,,,,,,,,,,,,,,,,,,,,,
,,Diaphonous,,,,,,,,,,,,,,,,,,,,,,,,,,,,,,,,
,,Digi Blue,,,,,,,,,,,,,,,,,,,,,,,,,,,,,,,,
,,Digi Desert,,,,,,,,,,,,,,,,,,,,,,,,,,,,,,,,
,,Digi Grey,,,,,,,,,,,,,,,,,,,,,,,,,,,,,,,,
,,Digital Lavender,,,,,,,,,,,,,,,,,,,,,,,,,,,,,,,,
,,Digital Lilac,,,,,,,,,,,,,,,,,,,,,,,,,,,,,,,,
,,Dirty White,,,,,,,,,,,,,,,,,,,,,,,,,,,,,,,,
,,Doeskin,,,,,,,,,,,,,,,,,,,,,,,,,,,,,,,,
,,Double Cream,,,,,,,,,,,,,,,,,,,,,,,,,,,,,,,,
,,Dress Blue,,,,,,,,,,,,,,,,,,,,,,,,,,,,,,,,
,,Dubarry,,,,,,,,,,,,,,,,,,,,,,,,,,,,,,,,
,,Dull Green,,,,,,,,,,,,,,,,,,,,,,,,,,,,,,,,
,,Dull Turquoise,,,,,,,,,,,,,,,,,,,,,,,,,,,,,,,,
,,Dusk Blue,,,,,,,,,,,,,,,,,,,,,,,,,,,,,,,,
,,Dusted Grape,,,,,,,,,,,,,,,,,,,,,,,,,,,,,,,,
,,Dusty Grape,,,,,,,,,,,,,,,,,,,,,,,,,,,,,,,,
,,Dusty Mauve,,,,,,,,,,,,,,,,,,,,,,,,,,,,,,,,
,,Dusty Pink,,,,,,,,,,,,,,,,,,,,,,,,,,,,,,,,
,,Dusty Purple,,,,,,,,,,,,,,,,,,,,,,,,,,,,,,,,
,,Earthy Green,,,,,,,,,,,,,,,,,,,,,,,,,,,,,,,,
,,Ecru,,,,,,,,,,,,,,,,,,,,,,,,,,,,,,,,
,,Ecru Melange,,,,,,,,,,,,,,,,,,,,,,,,,,,,,,,,
,,Eden Green,,,,,,,,,,,,,,,,,,,,,,,,,,,,,,,,
,,Egg Plant,,,,,,,,,,,,,,,,,,,,,,,,,,,,,,,,
,,Egg White,,,,,,,,,,,,,,,,,,,,,,,,,,,,,,,,
,,Electric Blue,,,,,,,,,,,,,,,,,,,,,,,,,,,,,,,,
,,Elemental Blue,,,,,,,,,,,,,,,,,,,,,,,,,,,,,,,,
,,Elmwood,,,,,,,,,,,,,,,,,,,,,,,,,,,,,,,,
,,Emerald Blue,,,,,,,,,,,,,,,,,,,,,,,,,,,,,,,,
,,Emerald Green,,,,,,,,,,,,,,,,,,,,,,,,,,,,,,,,
,,English Blue,,,,,,,,,,,,,,,,,,,,,,,,,,,,,,,,
,,English Manor,,,,,,,,,,,,,,,,,,,,,,,,,,,,,,,,
,,Evening Sand,,,,,,,,,,,,,,,,,,,,,,,,,,,,,,,,
,,Everglade,,,,,,,,,,,,,,,,,,,,,,,,,,,,,,,,
,,Evergreen,,,,,,,,,,,,,,,,,,,,,,,,,,,,,,,,
,,Fair Orchid,,,,,,,,,,,,,,,,,,,,,,,,,,,,,,,,
,,Fawn,,,,,,,,,,,,,,,,,,,,,,,,,,,,,,,,
,,Fenugreek,,,,,,,,,,,,,,,,,,,,,,,,,,,,,,,,
,,Fern,,,,,,,,,,,,,,,,,,,,,,,,,,,,,,,,
,,Fiery Red,,,,,,,,,,,,,,,,,,,,,,,,,,,,,,,,
,,Fig,,,,,,,,,,,,,,,,,,,,,,,,,,,,,,,,
,,Flame Scarlet,,,,,,,,,,,,,,,,,,,,,,,,,,,,,,,,
,,Flamingo Pink,,,,,,,,,,,,,,,,,,,,,,,,,,,,,,,,
,,Foam Green,,,,,,,,,,,,,,,,,,,,,,,,,,,,,,,,
,,Fondant Pink,,,,,,,,,,,,,,,,,,,,,,,,,,,,,,,,
,,Forest Green,,,,,,,,,,,,,,,,,,,,,,,,,,,,,,,,
,,Forest Olive,,,,,,,,,,,,,,,,,,,,,,,,,,,,,,,,
,,Forest Shade,,,,,,,,,,,,,,,,,,,,,,,,,,,,,,,,
,,Forever Blue,,,,,,,,,,,,,,,,,,,,,,,,,,,,,,,,
,,Formal Grey,,,,,,,,,,,,,,,,,,,,,,,,,,,,,,,,
,,Foundant Pink,,,,,,,,,,,,,,,,,,,,,,,,,,,,,,,,
,,French Blue,,,,,,,,,,,,,,,,,,,,,,,,,,,,,,,,
,,Fresh Lilac,,,,,,,,,,,,,,,,,,,,,,,,,,,,,,,,
,,Fresh Mint,,,,,,,,,,,,,,,,,,,,,,,,,,,,,,,,
,,Frosty Green,,,,,,,,,,,,,,,,,,,,,,,,,,,,,,,,
,,Fuchsia,,,,,,,,,,,,,,,,,,,,,,,,,,,,,,,,
,,Fuchsia Fedora,,,,,,,,,,,,,,,,,,,,,,,,,,,,,,,,
,,Fuchsia Rose,,,,,,,,,,,,,,,,,,,,,,,,,,,,,,,,
,,Galactic Cobalt,,,,,,,,,,,,,,,,,,,,,,,,,,,,,,,,
,,Galaxy Blue,,,,,,,,,,,,,,,,,,,,,,,,,,,,,,,,
,,Gentian Blue,,,,,,,,,,,,,,,,,,,,,,,,,,,,,,,,
,,Gentle Blue,,,,,,,,,,,,,,,,,,,,,,,,,,,,,,,,
,,Gentle Lavender,,,,,,,,,,,,,,,,,,,,,,,,,,,,,,,,
,,Ginger Biscuit,,,,,,,,,,,,,,,,,,,,,,,,,,,,,,,,
,,Ginger Bread,,,,,,,,,,,,,,,,,,,,,,,,,,,,,,,,
,,Glacial Blue,,,,,,,,,,,,,,,,,,,,,,,,,,,,,,,,
,,Glaciar Blue,,,,,,,,,,,,,,,,,,,,,,,,,,,,,,,,
,,Glacier Grey,,,,,,,,,,,,,,,,,,,,,,,,,,,,,,,,
,,Gold,,,,,,,,,,,,,,,,,,,,,,,,,,,,,,,,
,,Golden Brown,,,,,,,,,,,,,,,,,,,,,,,,,,,,,,,,
,,Golden Cob,,,,,,,,,,,,,,,,,,,,,,,,,,,,,,,,
,,Golden Haze,,,,,,,,,,,,,,,,,,,,,,,,,,,,,,,,
,,Golden Khaki,,,,,,,,,,,,,,,,,,,,,,,,,,,,,,,,
,,Golden Olive,,,,,,,,,,,,,,,,,,,,,,,,,,,,,,,,
,,Golden White,,,,,,,,,,,,,,,,,,,,,,,,,,,,,,,,
,,Grape,,,,,,,,,,,,,,,,,,,,,,,,,,,,,,,,
,,Grape Wine,,,,,,,,,,,,,,,,,,,,,,,,,,,,,,,,
,,Grapeade,,,,,,,,,,,,,,,,,,,,,,,,,,,,,,,,
,,Graphite,,,,,,,,,,,,,,,,,,,,,,,,,,,,,,,,
,,Gray Sand,,,,,,,,,,,,,,,,,,,,,,,,,,,,,,,,
,,Green,,,,,,,,,,,,,,,,,,,,,,,,,,,,,,,,
,,Green Bee,,,,,,,,,,,,,,,,,,,,,,,,,,,,,,,,
,,Green Fig,,,,,,,,,,,,,,,,,,,,,,,,,,,,,,,,
,,Green Flare,,,,,,,,,,,,,,,,,,,,,,,,,,,,,,,,
,,Green Flash,,,,,,,,,,,,,,,,,,,,,,,,,,,,,,,,
,,Green Gecko,,,,,,,,,,,,,,,,,,,,,,,,,,,,,,,,
,,Green Glow,,,,,,,,,,,,,,,,,,,,,,,,,,,,,,,,
,,Green Melange,,,,,,,,,,,,,,,,,,,,,,,,,,,,,,,,
,,Green Spring,,,,,,,,,,,,,,,,,,,,,,,,,,,,,,,,
,,Green Yellow,,,,,,,,,,,,,,,,,,,,,,,,,,,,,,,,
,,Grenadine,,,,,,,,,,,,,,,,,,,,,,,,,,,,,,,,
,,Grey,,,,,,,,,,,,,,,,,,,,,,,,,,,,,,,,
,,Grey Blue,,,,,,,,,,,,,,,,,,,,,,,,,,,,,,,,
,,Grey Blue Melange,,,,,,,,,,,,,,,,,,,,,,,,,,,,,,,,
,,Grey Green,,,,,,,,,,,,,,,,,,,,,,,,,,,,,,,,
,,Grey Melange,,,,,,,,,,,,,,,,,,,,,,,,,,,,,,,,
,,Grey Olive,,,,,,,,,,,,,,,,,,,,,,,,,,,,,,,,
,,Greyish Blue,,,,,,,,,,,,,,,,,,,,,,,,,,,,,,,,
,,Grit,,,,,,,,,,,,,,,,,,,,,,,,,,,,,,,,
,,Ground Coffee,,,,,,,,,,,,,,,,,,,,,,,,,,,,,,,,
,,Harbor Mist,,,,,,,,,,,,,,,,,,,,,,,,,,,,,,,,
,,Harbour Blue,,,,,,,,,,,,,,,,,,,,,,,,,,,,,,,,
,,Haute Red,,,,,,,,,,,,,,,,,,,,,,,,,,,,,,,,
,,Hawaiian Ocean,,,,,,,,,,,,,,,,,,,,,,,,,,,,,,,,
,,Hawaiin Sunset,,,,,,,,,,,,,,,,,,,,,,,,,,,,,,,,
,,Heather Rose,,,,,,,,,,,,,,,,,,,,,,,,,,,,,,,,
,,Hedge Green,,,,,,,,,,,,,,,,,,,,,,,,,,,,,,,,
,,Hidden Blue,,,,,,,,,,,,,,,,,,,,,,,,,,,,,,,,
,,Holly Berry,,,,,,,,,,,,,,,,,,,,,,,,,,,,,,,,
,,Honey Gold,,,,,,,,,,,,,,,,,,,,,,,,,,,,,,,,
,,Honeysuckle,,,,,,,,,,,,,,,,,,,,,,,,,,,,,,,,
,,Hot Pink,,,,,,,,,,,,,,,,,,,,,,,,,,,,,,,,
,,Hunter Green,,,,,,,,,,,,,,,,,,,,,,,,,,,,,,,,
,,Hyper Pink,,,,,,,,,,,,,,,,,,,,,,,,,,,,,,,,
,,Ibiza Blue,,,,,,,,,,,,,,,,,,,,,,,,,,,,,,,,
,,Ice Blue,,,,,,,,,,,,,,,,,,,,,,,,,,,,,,,,
,,Ice Grey,,,,,,,,,,,,,,,,,,,,,,,,,,,,,,,,
,,Icemelt,,,,,,,,,,,,,,,,,,,,,,,,,,,,,,,,
,,Imperial Blue,,,,,,,,,,,,,,,,,,,,,,,,,,,,,,,,
,,Imperial Palace,,,,,,,,,,,,,,,,,,,,,,,,,,,,,,,,
,,Indigo,,,,,,,,,,,,,,,,,,,,,,,,,,,,,,,,
,,Indigo Melange,,,,,,,,,,,,,,,,,,,,,,,,,,,,,,,,
,,Ink Blue,,,,,,,,,,,,,,,,,,,,,,,,,,,,,,,,
,,Iris Green,,,,,,,,,,,,,,,,,,,,,,,,,,,,,,,,
,,Irish Cream,,,,,,,,,,,,,,,,,,,,,,,,,,,,,,,,
,,Iron Gate,,,,,,,,,,,,,,,,,,,,,,,,,,,,,,,,
,,Island Fossil,,,,,,,,,,,,,,,,,,,,,,,,,,,,,,,,
,,Island Green,,,,,,,,,,,,,,,,,,,,,,,,,,,,,,,,
,,Italian Clay,,,,,,,,,,,,,,,,,,,,,,,,,,,,,,,,
,,Ivory,,,,,,,,,,,,,,,,,,,,,,,,,,,,,,,,
,,Ivory Green,,,,,,,,,,,,,,,,,,,,,,,,,,,,,,,,
,,Ivy Green,,,,,,,,,,,,,,,,,,,,,,,,,,,,,,,,
,,Jelly Green,,,,,,,,,,,,,,,,,,,,,,,,,,,,,,,,
,,Jet Black,,,,,,,,,,,,,,,,,,,,,,,,,,,,,,,,
,,June Bug,,,,,,,,,,,,,,,,,,,,,,,,,,,,,,,,
,,Jungle Green,,,,,,,,,,,,,,,,,,,,,,,,,,,,,,,,
,,Kelp,,,,,,,,,,,,,,,,,,,,,,,,,,,,,,,,
,,Kelp Forest,,,,,,,,,,,,,,,,,,,,,,,,,,,,,,,,
,,Kentucky Blue,,,,,,,,,,,,,,,,,,,,,,,,,,,,,,,,
,,Khaki,,,,,,,,,,,,,,,,,,,,,,,,,,,,,,,,
,,Khaki Gold,,,,,,,,,,,,,,,,,,,,,,,,,,,,,,,,
,,Khaki Melange,,,,,,,,,,,,,,,,,,,,,,,,,,,,,,,,
,,Kombu Green,,,,,,,,,,,,,,,,,,,,,,,,,,,,,,,,
,,Lagoon,,,,,,,,,,,,,,,,,,,,,,,,,,,,,,,,
,,Lapis Blue,,,,,,,,,,,,,,,,,,,,,,,,,,,,,,,,
,,Lavender,,,,,,,,,,,,,,,,,,,,,,,,,,,,,,,,
,,Lavender Fog,,,,,,,,,,,,,,,,,,,,,,,,,,,,,,,,
,,Lavender Mist,,,,,,,,,,,,,,,,,,,,,,,,,,,,,,,,
,,Leaf Green,,,,,,,,,,,,,,,,,,,,,,,,,,,,,,,,
,,Lemon Drop,,,,,,,,,,,,,,,,,,,,,,,,,,,,,,,,
,,Lemon Green,,,,,,,,,,,,,,,,,,,,,,,,,,,,,,,,
,,Lemon Meringue,,,,,,,,,,,,,,,,,,,,,,,,,,,,,,,,
,,Lemon Tonic,,,,,,,,,,,,,,,,,,,,,,,,,,,,,,,,
,,Lemon Yellow,,,,,,,,,,,,,,,,,,,,,,,,,,,,,,,,
,,Lemonade,,,,,,,,,,,,,,,,,,,,,,,,,,,,,,,,
,,Light Beige,,,,,,,,,,,,,,,,,,,,,,,,,,,,,,,,
,,Light Blue,,,,,,,,,,,,,,,,,,,,,,,,,,,,,,,,
,,Light Blue Melange,,,,,,,,,,,,,,,,,,,,,,,,,,,,,,,,
,,Light Brown,,,,,,,,,,,,,,,,,,,,,,,,,,,,,,,,
,,Light Choco,,,,,,,,,,,,,,,,,,,,,,,,,,,,,,,,
,,Light Coral,,,,,,,,,,,,,,,,,,,,,,,,,,,,,,,,
,,Light Green,,,,,,,,,,,,,,,,,,,,,,,,,,,,,,,,
,,Light Grey,,,,,,,,,,,,,,,,,,,,,,,,,,,,,,,,
,,Light Khaki,,,,,,,,,,,,,,,,,,,,,,,,,,,,,,,,
,,Light Lavender,,,,,,,,,,,,,,,,,,,,,,,,,,,,,,,,
,,Light Lilac,,,,,,,,,,,,,,,,,,,,,,,,,,,,,,,,
,,Light Magenta,,,,,,,,,,,,,,,,,,,,,,,,,,,,,,,,
,,Light Mauve,,,,,,,,,,,,,,,,,,,,,,,,,,,,,,,,
,,Light Olive,,,,,,,,,,,,,,,,,,,,,,,,,,,,,,,,
,,Light Orange,,,,,,,,,,,,,,,,,,,,,,,,,,,,,,,,
,,Light Pink,,,,,,,,,,,,,,,,,,,,,,,,,,,,,,,,
,,Light Pink Melange,,,,,,,,,,,,,,,,,,,,,,,,,,,,,,,,
,,Light Pista,,,,,,,,,,,,,,,,,,,,,,,,,,,,,,,,
,,Light Purple,,,,,,,,,,,,,,,,,,,,,,,,,,,,,,,,
,,Light Red,,,,,,,,,,,,,,,,,,,,,,,,,,,,,,,,
,,Light Tan,,,,,,,,,,,,,,,,,,,,,,,,,,,,,,,,
,,Light Yellow,,,,,,,,,,,,,,,,,,,,,,,,,,,,,,,,
,,Lilac,,,,,,,,,,,,,,,,,,,,,,,,,,,,,,,,
,,Lilac Hint,,,,,,,,,,,,,,,,,,,,,,,,,,,,,,,,
,,Lily Pad,,,,,,,,,,,,,,,,,,,,,,,,,,,,,,,,
,,Lime Green,,,,,,,,,,,,,,,,,,,,,,,,,,,,,,,,
,,Limeade,,,,,,,,,,,,,,,,,,,,,,,,,,,,,,,,
,,Limoges,,,,,,,,,,,,,,,,,,,,,,,,,,,,,,,,
,,Lint,,,,,,,,,,,,,,,,,,,,,,,,,,,,,,,,
,,London Fog,,,,,,,,,,,,,,,,,,,,,,,,,,,,,,,,
,,Lotus,,,,,,,,,,,,,,,,,,,,,,,,,,,,,,,,
,,Lupine,,,,,,,,,,,,,,,,,,,,,,,,,,,,,,,,
,,Luscious Red,,,,,,,,,,,,,,,,,,,,,,,,,,,,,,,,
,,Lyons Blue,,,,,,,,,,,,,,,,,,,,,,,,,,,,,,,,
,,Magenta,,,,,,,,,,,,,,,,,,,,,,,,,,,,,,,,
,,Magenta Melange,,,,,,,,,,,,,,,,,,,,,,,,,,,,,,,,
,,Magnetic Blue,,,,,,,,,,,,,,,,,,,,,,,,,,,,,,,,
,,Malachite,,,,,,,,,,,,,,,,,,,,,,,,,,,,,,,,
,,Malibu Blue,,,,,,,,,,,,,,,,,,,,,,,,,,,,,,,,
,,Marine Teal,,,,,,,,,,,,,,,,,,,,,,,,,,,,,,,,
,,Maroon,,,,,,,,,,,,,,,,,,,,,,,,,,,,,,,,
,,Matt Gold,,,,,,,,,,,,,,,,,,,,,,,,,,,,,,,,
,,Mauve,,,,,,,,,,,,,,,,,,,,,,,,,,,,,,,,
,,Mauve Haze,,,,,,,,,,,,,,,,,,,,,,,,,,,,,,,,
,,Mauve Shadows,,,,,,,,,,,,,,,,,,,,,,,,,,,,,,,,
,,Mauveglow,,,,,,,,,,,,,,,,,,,,,,,,,,,,,,,,
,,Melange,,,,,,,,,,,,,,,,,,,,,,,,,,,,,,,,
,,Mellow Peach,,,,,,,,,,,,,,,,,,,,,,,,,,,,,,,,
,,Mellow Yellow,,,,,,,,,,,,,,,,,,,,,,,,,,,,,,,,
,,Melon Pink,,,,,,,,,,,,,,,,,,,,,,,,,,,,,,,,
,,Meringue,,,,,,,,,,,,,,,,,,,,,,,,,,,,,,,,
,,Meta Mauve,,,,,,,,,,,,,,,,,,,,,,,,,,,,,,,,
,,Midnight Blue,,,,,,,,,,,,,,,,,,,,,,,,,,,,,,,,
,,Midnight Navy,,,,,,,,,,,,,,,,,,,,,,,,,,,,,,,,
,,Military Green,,,,,,,,,,,,,,,,,,,,,,,,,,,,,,,,
,,Mimosa,,,,,,,,,,,,,,,,,,,,,,,,,,,,,,,,
,,Mindful Mauve,,,,,,,,,,,,,,,,,,,,,,,,,,,,,,,,
,,Mint Green,,,,,,,,,,,,,,,,,,,,,,,,,,,,,,,,
,,Mistletoe,,,,,,,,,,,,,,,,,,,,,,,,,,,,,,,,
,,Mocha Bisque,,,,,,,,,,,,,,,,,,,,,,,,,,,,,,,,
,,Mood Indigo,,,,,,,,,,,,,,,,,,,,,,,,,,,,,,,,
,,Moonlight Ocean,,,,,,,,,,,,,,,,,,,,,,,,,,,,,,,,
,,Moroccon Blue,,,,,,,,,,,,,,,,,,,,,,,,,,,,,,,,
,,Morroccan Blue,,,,,,,,,,,,,,,,,,,,,,,,,,,,,,,,
,,Moss,,,,,,,,,,,,,,,,,,,,,,,,,,,,,,,,
,,Mud Black,,,,,,,,,,,,,,,,,,,,,,,,,,,,,,,,
,,Multicolor,,,,,,,,,,,,,,,,,,,,,,,,,,,,,,,,
,,Murky Green,,,,,,,,,,,,,,,,,,,,,,,,,,,,,,,,
,,Mustang,,,,,,,,,,,,,,,,,,,,,,,,,,,,,,,,
,,Mustard Yellow,,,,,,,,,,,,,,,,,,,,,,,,,,,,,,,,
,,Narcissus,,,,,,,,,,,,,,,,,,,,,,,,,,,,,,,,
,,Natural,,,,,,,,,,,,,,,,,,,,,,,,,,,,,,,,
,,Natural Grey,,,,,,,,,,,,,,,,,,,,,,,,,,,,,,,,
,,Naval Academy,,,,,,,,,,,,,,,,,,,,,,,,,,,,,,,,
,,Navy Blue,,,,,,,,,,,,,,,,,,,,,,,,,,,,,,,,
,,Navy Grindle,,,,,,,,,,,,,,,,,,,,,,,,,,,,,,,,
,,Navy Loop,,,,,,,,,,,,,,,,,,,,,,,,,,,,,,,,
,,Navy Melange,,,,,,,,,,,,,,,,,,,,,,,,,,,,,,,,
,,Navy Peony,,,,,,,,,,,,,,,,,,,,,,,,,,,,,,,,
,,Neon Green,,,,,,,,,,,,,,,,,,,,,,,,,,,,,,,,
,,Neon Orange,,,,,,,,,,,,,,,,,,,,,,,,,,,,,,,,
,,Neon Pink,,,,,,,,,,,,,,,,,,,,,,,,,,,,,,,,
,,Neon Yellow,,,,,,,,,,,,,,,,,,,,,,,,,,,,,,,,
,,Nephrite,,,,,,,,,,,,,,,,,,,,,,,,,,,,,,,,
,,Neutral Grey,,,,,,,,,,,,,,,,,,,,,,,,,,,,,,,,
,,Nile Blue,,,,,,,,,,,,,,,,,,,,,,,,,,,,,,,,
,,Nude,,,,,,,,,,,,,,,,,,,,,,,,,,,,,,,,
,,Nutshell,,,,,,,,,,,,,,,,,,,,,,,,,,,,,,,,
,,Oat Meal,,,,,,,,,,,,,,,,,,,,,,,,,,,,,,,,
,,Oat Milk,,,,,,,,,,,,,,,,,,,,,,,,,,,,,,,,
,,Ocean Coral,,,,,,,,,,,,,,,,,,,,,,,,,,,,,,,,
,,Ochre,,,,,,,,,,,,,,,,,,,,,,,,,,,,,,,,
,,Off White,,,,,,,,,,,,,,,,,,,,,,,,,,,,,,,,
,,Oil Blue,,,,,,,,,,,,,,,,,,,,,,,,,,,,,,,,
,,Olive,,,,,,,,,,,,,,,,,,,,,,,,,,,,,,,,
,,Olive Brown,,,,,,,,,,,,,,,,,,,,,,,,,,,,,,,,
,,Olive Green,,,,,,,,,,,,,,,,,,,,,,,,,,,,,,,,
,,Olive Grey,,,,,,,,,,,,,,,,,,,,,,,,,,,,,,,,
,,Olive Melange,,,,,,,,,,,,,,,,,,,,,,,,,,,,,,,,
,,Olive oil,,,,,,,,,,,,,,,,,,,,,,,,,,,,,,,,
,,Onion Pink,,,,,,,,,,,,,,,,,,,,,,,,,,,,,,,,
,,Optic White,,,,,,,,,,,,,,,,,,,,,,,,,,,,,,,,
,,Orange,,,,,,,,,,,,,,,,,,,,,,,,,,,,,,,,
,,Orange Melange,,,,,,,,,,,,,,,,,,,,,,,,,,,,,,,,
,,Orange Rust,,,,,,,,,,,,,,,,,,,,,,,,,,,,,,,,
,,Orangeade,,,,,,,,,,,,,,,,,,,,,,,,,,,,,,,,
,,Orchid Bloom,,,,,,,,,,,,,,,,,,,,,,,,,,,,,,,,
,,Orchid Hush,,,,,,,,,,,,,,,,,,,,,,,,,,,,,,,,
,,Orchid Petal,,,,,,,,,,,,,,,,,,,,,,,,,,,,,,,,
,,Outer Space,,,,,,,,,,,,,,,,,,,,,,,,,,,,,,,,
,,Oxford Blue,,,,,,,,,,,,,,,,,,,,,,,,,,,,,,,,
,,Oxford Tan,,,,,,,,,,,,,,,,,,,,,,,,,,,,,,,,
,,Oxidised Orange,,,,,,,,,,,,,,,,,,,,,,,,,,,,,,,,
,,Oxidized Orange,,,,,,,,,,,,,,,,,,,,,,,,,,,,,,,,
,,Oyster Grey,,,,,,,,,,,,,,,,,,,,,,,,,,,,,,,,
,,Pale Banana,,,,,,,,,,,,,,,,,,,,,,,,,,,,,,,,
,,Pale Blush,,,,,,,,,,,,,,,,,,,,,,,,,,,,,,,,
,,Pale Green,,,,,,,,,,,,,,,,,,,,,,,,,,,,,,,,
,,Pale Khaki,,,,,,,,,,,,,,,,,,,,,,,,,,,,,,,,
,,Pale Mauve,,,,,,,,,,,,,,,,,,,,,,,,,,,,,,,,
,,Pale Pink,,,,,,,,,,,,,,,,,,,,,,,,,,,,,,,,
,,Pale Rosette,,,,,,,,,,,,,,,,,,,,,,,,,,,,,,,,
,,Pansy,,,,,,,,,,,,,,,,,,,,,,,,,,,,,,,,
,,Parchment,,,,,,,,,,,,,,,,,,,,,,,,,,,,,,,,
,,Pastel Beige,,,,,,,,,,,,,,,,,,,,,,,,,,,,,,,,
,,Pastel Green,,,,,,,,,,,,,,,,,,,,,,,,,,,,,,,,
,,Pastel Lilac,,,,,,,,,,,,,,,,,,,,,,,,,,,,,,,,
,,Pastel Pink,,,,,,,,,,,,,,,,,,,,,,,,,,,,,,,,
,,Pastel Turquoise,,,,,,,,,,,,,,,,,,,,,,,,,,,,,,,,
,,Pastel Yellow,,,,,,,,,,,,,,,,,,,,,,,,,,,,,,,,
,,Peach,,,,,,,,,,,,,,,,,,,,,,,,,,,,,,,,
,,Peach Parfait,,,,,,,,,,,,,,,,,,,,,,,,,,,,,,,,
,,Peach Rose,,,,,,,,,,,,,,,,,,,,,,,,,,,,,,,,
,,Peachskin,,,,,,,,,,,,,,,,,,,,,,,,,,,,,,,,
,,Peachy Keen,,,,,,,,,,,,,,,,,,,,,,,,,,,,,,,,
,,Peacock Blue,,,,,,,,,,,,,,,,,,,,,,,,,,,,,,,,
,,Peacock Green,,,,,,,,,,,,,,,,,,,,,,,,,,,,,,,,
,,Peacot Blue,,,,,,,,,,,,,,,,,,,,,,,,,,,,,,,,
,,Peanut,,,,,,,,,,,,,,,,,,,,,,,,,,,,,,,,
,,Pear Liqueur,,,,,,,,,,,,,,,,,,,,,,,,,,,,,,,,
,,Pearl Blush,,,,,,,,,,,,,,,,,,,,,,,,,,,,,,,,
,,Pecan Pie,,,,,,,,,,,,,,,,,,,,,,,,,,,,,,,,
,,Peony,,,,,,,,,,,,,,,,,,,,,,,,,,,,,,,,
,,Pepper Green,,,,,,,,,,,,,,,,,,,,,,,,,,,,,,,,
,,Persian Red,,,,,,,,,,,,,,,,,,,,,,,,,,,,,,,,
,,Pesto,,,,,,,,,,,,,,,,,,,,,,,,,,,,,,,,
,,Petrol Blue,,,,,,,,,,,,,,,,,,,,,,,,,,,,,,,,
,,Peyote,,,,,,,,,,,,,,,,,,,,,,,,,,,,,,,,
,,Pickled Beet,,,,,,,,,,,,,,,,,,,,,,,,,,,,,,,,
,,Pickled Pepper,,,,,,,,,,,,,,,,,,,,,,,,,,,,,,,,
,,Pine,,,,,,,,,,,,,,,,,,,,,,,,,,,,,,,,
,,Pineapple,,,,,,,,,,,,,,,,,,,,,,,,,,,,,,,,
,,Pink,,,,,,,,,,,,,,,,,,,,,,,,,,,,,,,,
,,Pink Carnation,,,,,,,,,,,,,,,,,,,,,,,,,,,,,,,,
,,Pink Clay,,,,,,,,,,,,,,,,,,,,,,,,,,,,,,,,
,,Pink Cyclamen,,,,,,,,,,,,,,,,,,,,,,,,,,,,,,,,
,,Pink Diamond,,,,,,,,,,,,,,,,,,,,,,,,,,,,,,,,
,,Pink Flash,,,,,,,,,,,,,,,,,,,,,,,,,,,,,,,,
,,Pink Lavender,,,,,,,,,,,,,,,,,,,,,,,,,,,,,,,,
,,Pink Melange,,,,,,,,,,,,,,,,,,,,,,,,,,,,,,,,
,,Pink Tint,,,,,,,,,,,,,,,,,,,,,,,,,,,,,,,,
,,Pink-a-boo,,,,,,,,,,,,,,,,,,,,,,,,,,,,,,,,
,,Pista,,,,,,,,,,,,,,,,,,,,,,,,,,,,,,,,
,,Pista Green,,,,,,,,,,,,,,,,,,,,,,,,,,,,,,,,
,,Placid Blue,,,,,,,,,,,,,,,,,,,,,,,,,,,,,,,,
,,Platinum Grey,,,,,,,,,,,,,,,,,,,,,,,,,,,,,,,,
,,Plum,,,,,,,,,,,,,,,,,,,,,,,,,,,,,,,,
,,Poison Green,,,,,,,,,,,,,,,,,,,,,,,,,,,,,,,,
,,Pomegranate,,,,,,,,,,,,,,,,,,,,,,,,,,,,,,,,
,,Poseidon,,,,,,,,,,,,,,,,,,,,,,,,,,,,,,,,
,,Powder Blue,,,,,,,,,,,,,,,,,,,,,,,,,,,,,,,,
,,Primerose Pink,,,,,,,,,,,,,,,,,,,,,,,,,,,,,,,,
,,Prism Pink,,,,,,,,,,,,,,,,,,,,,,,,,,,,,,,,
,,Pristine,,,,,,,,,,,,,,,,,,,,,,,,,,,,,,,,
,,Prussian Blue,,,,,,,,,,,,,,,,,,,,,,,,,,,,,,,,
,,Purple,,,,,,,,,,,,,,,,,,,,,,,,,,,,,,,,
,,Purple Heather,,,,,,,,,,,,,,,,,,,,,,,,,,,,,,,,
,,Purple Swirl,,,,,,,,,,,,,,,,,,,,,,,,,,,,,,,,
,,Purple wine,,,,,,,,,,,,,,,,,,,,,,,,,,,,,,,,
,,Quarry Grey,,,,,,,,,,,,,,,,,,,,,,,,,,,,,,,,
,,Quartz Pink,,,,,,,,,,,,,,,,,,,,,,,,,,,,,,,,
,,Racing Red,,,,,,,,,,,,,,,,,,,,,,,,,,,,,,,,
,,Radiant Red,,,,,,,,,,,,,,,,,,,,,,,,,,,,,,,,
,,Rain Forest ,,,,,,,,,,,,,,,,,,,,,,,,,,,,,,,,
,,Rani,,,,,,,,,,,,,,,,,,,,,,,,,,,,,,,,
,,Rasberry Sorbet,,,,,,,,,,,,,,,,,,,,,,,,,,,,,,,,
,,Raspberry Sorbet,,,,,,,,,,,,,,,,,,,,,,,,,,,,,,,,
,,Raspberry Wine,,,,,,,,,,,,,,,,,,,,,,,,,,,,,,,,
,,Red,,,,,,,,,,,,,,,,,,,,,,,,,,,,,,,,
,,Red Maple,,,,,,,,,,,,,,,,,,,,,,,,,,,,,,,,
,,Red Melange,,,,,,,,,,,,,,,,,,,,,,,,,,,,,,,,
,,Red Plum,,,,,,,,,,,,,,,,,,,,,,,,,,,,,,,,
,,Reed,,,,,,,,,,,,,,,,,,,,,,,,,,,,,,,,
,,Regal Orchid,,,,,,,,,,,,,,,,,,,,,,,,,,,,,,,,
,,Rooibos,,,,,,,,,,,,,,,,,,,,,,,,,,,,,,,,
,,Rose,,,,,,,,,,,,,,,,,,,,,,,,,,,,,,,,
,,Rose Cloud,,,,,,,,,,,,,,,,,,,,,,,,,,,,,,,,
,,Rose Dawn,,,,,,,,,,,,,,,,,,,,,,,,,,,,,,,,
,,Rose Pink,,,,,,,,,,,,,,,,,,,,,,,,,,,,,,,,
,,Rose Smoke,,,,,,,,,,,,,,,,,,,,,,,,,,,,,,,,
,,Rose Tan,,,,,,,,,,,,,,,,,,,,,,,,,,,,,,,,
,,Rose Wine,,,,,,,,,,,,,,,,,,,,,,,,,,,,,,,,
,,Rosewood,,,,,,,,,,,,,,,,,,,,,,,,,,,,,,,,
,,Royal Blue,,,,,,,,,,,,,,,,,,,,,,,,,,,,,,,,
,,Royal Blue Melange,,,,,,,,,,,,,,,,,,,,,,,,,,,,,,,,
,,Ruby Wine,,,,,,,,,,,,,,,,,,,,,,,,,,,,,,,,
,,Rum Raisin,,,,,,,,,,,,,,,,,,,,,,,,,,,,,,,,
,,Rumba Red,,,,,,,,,,,,,,,,,,,,,,,,,,,,,,,,
,,Rust,,,,,,,,,,,,,,,,,,,,,,,,,,,,,,,,
,,Rust Orange,,,,,,,,,,,,,,,,,,,,,,,,,,,,,,,,
,,Rust Red,,,,,,,,,,,,,,,,,,,,,,,,,,,,,,,,
,,Rustic Brown,,,,,,,,,,,,,,,,,,,,,,,,,,,,,,,,
,,Rusty Beige,,,,,,,,,,,,,,,,,,,,,,,,,,,,,,,,
,,Safety Yellow,,,,,,,,,,,,,,,,,,,,,,,,,,,,,,,,
,,Sage,,,,,,,,,,,,,,,,,,,,,,,,,,,,,,,,
,,Sage Green,,,,,,,,,,,,,,,,,,,,,,,,,,,,,,,,
,,Sage Leaf,,,,,,,,,,,,,,,,,,,,,,,,,,,,,,,,
,,Salmon Pink,,,,,,,,,,,,,,,,,,,,,,,,,,,,,,,,
,,Salsa,,,,,,,,,,,,,,,,,,,,,,,,,,,,,,,,
,,Saltwater Slide,,,,,,,,,,,,,,,,,,,,,,,,,,,,,,,,
,,Sand,,,,,,,,,,,,,,,,,,,,,,,,,,,,,,,,
,,Sand Dollar,,,,,,,,,,,,,,,,,,,,,,,,,,,,,,,,
,,Sandshell,,,,,,,,,,,,,,,,,,,,,,,,,,,,,,,,
,,Sap Green,,,,,,,,,,,,,,,,,,,,,,,,,,,,,,,,
,,Scarlet,,,,,,,,,,,,,,,,,,,,,,,,,,,,,,,,
,,Scuba Blue,,,,,,,,,,,,,,,,,,,,,,,,,,,,,,,,
,,Sea Blue,,,,,,,,,,,,,,,,,,,,,,,,,,,,,,,,
,,Sea Green,,,,,,,,,,,,,,,,,,,,,,,,,,,,,,,,
,,Sea Kelp,,,,,,,,,,,,,,,,,,,,,,,,,,,,,,,,
,,Seaweed,,,,,,,,,,,,,,,,,,,,,,,,,,,,,,,,
,,Sepia,,,,,,,,,,,,,,,,,,,,,,,,,,,,,,,,
,,Shadow Lime,,,,,,,,,,,,,,,,,,,,,,,,,,,,,,,,
,,Sharp Green,,,,,,,,,,,,,,,,,,,,,,,,,,,,,,,,
,,Shrimp,,,,,,,,,,,,,,,,,,,,,,,,,,,,,,,,
,,Shrinking Violet,,,,,,,,,,,,,,,,,,,,,,,,,,,,,,,,
,,Silver,,,,,,,,,,,,,,,,,,,,,,,,,,,,,,,,
,,Silver Blue,,,,,,,,,,,,,,,,,,,,,,,,,,,,,,,,
,,Silver Grey,,,,,,,,,,,,,,,,,,,,,,,,,,,,,,,,
,,Silver Pink,,,,,,,,,,,,,,,,,,,,,,,,,,,,,,,,
,,Sky Blue,,,,,,,,,,,,,,,,,,,,,,,,,,,,,,,,
,,Skyway,,,,,,,,,,,,,,,,,,,,,,,,,,,,,,,,
,,Slate Green,,,,,,,,,,,,,,,,,,,,,,,,,,,,,,,,
,,Slate Rose,,,,,,,,,,,,,,,,,,,,,,,,,,,,,,,,
,,Smoke Green,,,,,,,,,,,,,,,,,,,,,,,,,,,,,,,,
,,Smoky Grape,,,,,,,,,,,,,,,,,,,,,,,,,,,,,,,,
,,Snow White,,,,,,,,,,,,,,,,,,,,,,,,,,,,,,,,
,,Sodalite Blue,,,,,,,,,,,,,,,,,,,,,,,,,,,,,,,,
,,Soft pink,,,,,,,,,,,,,,,,,,,,,,,,,,,,,,,,
,,Sojourn Blue,,,,,,,,,,,,,,,,,,,,,,,,,,,,,,,,
,,Soothing Sea,,,,,,,,,,,,,,,,,,,,,,,,,,,,,,,,
,,Spiced Coral,,,,,,,,,,,,,,,,,,,,,,,,,,,,,,,,
,,Sport Green,,,,,,,,,,,,,,,,,,,,,,,,,,,,,,,,
,,Spray,,,,,,,,,,,,,,,,,,,,,,,,,,,,,,,,
,,Spruced Up,,,,,,,,,,,,,,,,,,,,,,,,,,,,,,,,
,,Spun Sugar,,,,,,,,,,,,,,,,,,,,,,,,,,,,,,,,
,,Star White,,,,,,,,,,,,,,,,,,,,,,,,,,,,,,,,
,,Steel Blue,,,,,,,,,,,,,,,,,,,,,,,,,,,,,,,,
,,Steel Grey,,,,,,,,,,,,,,,,,,,,,,,,,,,,,,,,
,,Stone,,,,,,,,,,,,,,,,,,,,,,,,,,,,,,,,
,,Stone Blue,,,,,,,,,,,,,,,,,,,,,,,,,,,,,,,,
,,Stone Grey,,,,,,,,,,,,,,,,,,,,,,,,,,,,,,,,
,,Storm Green,,,,,,,,,,,,,,,,,,,,,,,,,,,,,,,,
,,Stormy Weather,,,,,,,,,,,,,,,,,,,,,,,,,,,,,,,,
,,Strawberry,,,,,,,,,,,,,,,,,,,,,,,,,,,,,,,,
,,Sugar Coral,,,,,,,,,,,,,,,,,,,,,,,,,,,,,,,,
,,Sundial Orange,,,,,,,,,,,,,,,,,,,,,,,,,,,,,,,,
,,Sunkist Coral,,,,,,,,,,,,,,,,,,,,,,,,,,,,,,,,
,,Sunny Lime,,,,,,,,,,,,,,,,,,,,,,,,,,,,,,,,
,,Sunset Yellow,,,,,,,,,,,,,,,,,,,,,,,,,,,,,,,,
,,Sunshine Yellow,,,,,,,,,,,,,,,,,,,,,,,,,,,,,,,,
,,Super Lemon,,,,,,,,,,,,,,,,,,,,,,,,,,,,,,,,
,,Surf Spray,,,,,,,,,,,,,,,,,,,,,,,,,,,,,,,,
,,Tahitian Teal,,,,,,,,,,,,,,,,,,,,,,,,,,,,,,,,
,,Tan,,,,,,,,,,,,,,,,,,,,,,,,,,,,,,,,
,,Tan Brown,,,,,,,,,,,,,,,,,,,,,,,,,,,,,,,,
,,Tango Red,,,,,,,,,,,,,,,,,,,,,,,,,,,,,,,,
,,Tarragon,,,,,,,,,,,,,,,,,,,,,,,,,,,,,,,,
,,Taupe,,,,,,,,,,,,,,,,,,,,,,,,,,,,,,,,
,,Teak,,,,,,,,,,,,,,,,,,,,,,,,,,,,,,,,
,,Teal,,,,,,,,,,,,,,,,,,,,,,,,,,,,,,,,
,,Teal Blue,,,,,,,,,,,,,,,,,,,,,,,,,,,,,,,,
,,Teal Green,,,,,,,,,,,,,,,,,,,,,,,,,,,,,,,,
,,Teal Green Melange,,,,,,,,,,,,,,,,,,,,,,,,,,,,,,,,
,,Tender Greens,,,,,,,,,,,,,,,,,,,,,,,,,,,,,,,,
,,Terracotta,,,,,,,,,,,,,,,,,,,,,,,,,,,,,,,,
,,Thistle,,,,,,,,,,,,,,,,,,,,,,,,,,,,,,,,
,,Tibatan Red,,,,,,,,,,,,,,,,,,,,,,,,,,,,,,,,
,,Tidal Teal,,,,,,,,,,,,,,,,,,,,,,,,,,,,,,,,
,,Tilt Blue,,,,,,,,,,,,,,,,,,,,,,,,,,,,,,,,
,,Timeless Taupe,,,,,,,,,,,,,,,,,,,,,,,,,,,,,,,,
,,Titanite,,,,,,,,,,,,,,,,,,,,,,,,,,,,,,,,
,,Titanium,,,,,,,,,,,,,,,,,,,,,,,,,,,,,,,,
,,Tobacco,,,,,,,,,,,,,,,,,,,,,,,,,,,,,,,,
,,Toffee,,,,,,,,,,,,,,,,,,,,,,,,,,,,,,,,
,,Tofu,,,,,,,,,,,,,,,,,,,,,,,,,,,,,,,,
,,Tomato Red,,,,,,,,,,,,,,,,,,,,,,,,,,,,,,,,
,,Tranquil Blue,,,,,,,,,,,,,,,,,,,,,,,,,,,,,,,,
,,Tropical Breeze,,,,,,,,,,,,,,,,,,,,,,,,,,,,,,,,
,,True Blue,,,,,,,,,,,,,,,,,,,,,,,,,,,,,,,,
,,Turkish Blue,,,,,,,,,,,,,,,,,,,,,,,,,,,,,,,,
,,Turquoise,,,,,,,,,,,,,,,,,,,,,,,,,,,,,,,,
,,Turquoise Green,,,,,,,,,,,,,,,,,,,,,,,,,,,,,,,,
,,Turquoise Melange,,,,,,,,,,,,,,,,,,,,,,,,,,,,,,,,
,,Turquoise Sea,,,,,,,,,,,,,,,,,,,,,,,,,,,,,,,,
,,Twilight,,,,,,,,,,,,,,,,,,,,,,,,,,,,,,,,
,,Ultramarine,,,,,,,,,,,,,,,,,,,,,,,,,,,,,,,,
,,Umber Brown,,,,,,,,,,,,,,,,,,,,,,,,,,,,,,,,
,,Unbleached Cotton,,,,,,,,,,,,,,,,,,,,,,,,,,,,,,,,
,,Vanilla Ice,,,,,,,,,,,,,,,,,,,,,,,,,,,,,,,,
,,Vaporous Grey,,,,,,,,,,,,,,,,,,,,,,,,,,,,,,,,
,,Vermillion Orange,,,,,,,,,,,,,,,,,,,,,,,,,,,,,,,,
,,Very Peri,,,,,,,,,,,,,,,,,,,,,,,,,,,,,,,,
,,Vetiver,,,,,,,,,,,,,,,,,,,,,,,,,,,,,,,,
,,Victoria Blue,,,,,,,,,,,,,,,,,,,,,,,,,,,,,,,,
,,Vintage Blue,,,,,,,,,,,,,,,,,,,,,,,,,,,,,,,,
,,Vintage Indigo,,,,,,,,,,,,,,,,,,,,,,,,,,,,,,,,
,,Violet,,,,,,,,,,,,,,,,,,,,,,,,,,,,,,,,
,,Vista Blue,,,,,,,,,,,,,,,,,,,,,,,,,,,,,,,,
,,Viva Magenta,,,,,,,,,,,,,,,,,,,,,,,,,,,,,,,,
,,Walnut,,,,,,,,,,,,,,,,,,,,,,,,,,,,,,,,
,,Warm Amber,,,,,,,,,,,,,,,,,,,,,,,,,,,,,,,,
,,Warm Taupe,,,,,,,,,,,,,,,,,,,,,,,,,,,,,,,,
,,Washed Black,,,,,,,,,,,,,,,,,,,,,,,,,,,,,,,,
,,Washed Navy,,,,,,,,,,,,,,,,,,,,,,,,,,,,,,,,
,,Wax Yellow,,,,,,,,,,,,,,,,,,,,,,,,,,,,,,,,
,,Whisper White,,,,,,,,,,,,,,,,,,,,,,,,,,,,,,,,
,,White,,,,,,,,,,,,,,,,,,,,,,,,,,,,,,,,
,,White Sand,,,,,,,,,,,,,,,,,,,,,,,,,,,,,,,,
,,Whitecap Grey,,,,,,,,,,,,,,,,,,,,,,,,,,,,,,,,
,,Whole Grain,,,,,,,,,,,,,,,,,,,,,,,,,,,,,,,,
,,Wholegrain,,,,,,,,,,,,,,,,,,,,,,,,,,,,,,,,
,,Wild Rose,,,,,,,,,,,,,,,,,,,,,,,,,,,,,,,,
,,Wine,,,,,,,,,,,,,,,,,,,,,,,,,,,,,,,,
,,Wine Red,,,,,,,,,,,,,,,,,,,,,,,,,,,,,,,,
,,Wisteria,,,,,,,,,,,,,,,,,,,,,,,,,,,,,,,,
,,Wood Ash,,,,,,,,,,,,,,,,,,,,,,,,,,,,,,,,
,,Wood Violet,,,,,,,,,,,,,,,,,,,,,,,,,,,,,,,,
,,Woodland Grey,,,,,,,,,,,,,,,,,,,,,,,,,,,,,,,,
,,Yellow,,,,,,,,,,,,,,,,,,,,,,,,,,,,,,,,
,,Yellow Melange,,,,,,,,,,,,,,,,,,,,,,,,,,,,,,,,
